id,email,name,lastname,user,password
1,danielnovoa@icloud.com,Daniel,Novoa,Dnovoa,$Dan123
2,almaz@live.mx,Alma,Alvarado,Almaa,$Alma123
3,lalo@gmail.com,Lalo,Cruz,lalogr,$Lalo123
4,mafer3467@hotmail.com,Mafer,Alvarado,Mafera,$Mafer123
5,danijr@gmail.com,Daniel,Alvarado,Danieljr,$Danieljr123
6,pepepecas@icloud.com,pepe,pecas,pepepecas,$Pepe123
7,mgoku@gmail.com,Michael,Goku,mgoku,$Michael123
8,homerjsimpsom@yahoo.com,Homer,Simpson,homerjs,$Homer123
9,josejose@gmail.com,José,José,josejose,$Jose123
10,ramonlee@hotmail.com,Ramon,Lee,ramonlee,$Ramon123
11,mariamoñtos@gmail.com,Maria,Montos,mariamoñtos,$Maria123
12,marijein@gmail.com,Marijein,Alvarado,marijein,$Marijein123
13,lucas@gmail.com,Lucas,Alvarado,lucas